英文术语,中文译名,学科
myocardial infarction,心肌梗死,心血管
coronary artery disease,冠状动脉疾病,心血管
atherosclerosis,动脉粥样硬化,心血管
revascularization,血运重建,心血管
stent thrombosis,支架内血栓,心血管
restenosis,再狭窄,心血管
cardiac troponin,心肌肌钙蛋白,心血管
natriuretic peptide,利钠肽,心血管
cardiac output,心输出量,心血管
systemic vascular resistance,体循环血管阻力,心血管
pulmonary capillary wedge pressure,肺毛细血管楔压,心血管
cardiogenic shock,心源性休克,心血管
systolic dysfunction,收缩功能障碍,心血管
diastolic dysfunction,舒张功能障碍,心血管
ventricular remodeling,心室重构,心血管
oxidative stress,氧化应激,基础医学
inflammation,炎症,基础医学
apoptosis,细胞凋亡,基础医学
autophagy,自噬,基础医学
necrosis,坏死,基础医学
fibrosis,纤维化,基础医学
ischemia reperfusion injury,缺血再灌注损伤,基础医学
signal transduction,信号转导,基础医学
transcription factor,转录因子,基础医学
gene expression,基因表达,基础医学
epigenetics,表观遗传学,基础医学
methylation,甲基化,基础医学
phosphorylation,磷酸化,基础医学
ubiquitination,泛素化,基础医学
proteasome,蛋白酶体,基础医学
neovascularization,新生血管形成,基础医学
angiogenesis,血管生成,基础医学
vasculogenesis,血管发生,基础医学
lymphangiogenesis,淋巴管生成,基础医学
epithelial mesenchymal transition,上皮间质转化,肿瘤
tumor microenvironment,肿瘤微环境,肿瘤
immune checkpoint,免疫检查点,肿瘤
programmed cell death,程序性细胞死亡,肿瘤
tumor infiltrating lymphocyte,肿瘤浸润淋巴细胞,肿瘤
microsatellite instability,微卫星不稳定性,肿瘤
mismatch repair,错配修复,肿瘤
circulating tumor DNA,循环肿瘤DNA,肿瘤
minimal residual disease,微小残留病变,肿瘤
neoadjuvant chemotherapy,新辅助化疗,肿瘤
adjuvant chemotherapy,辅助化疗,肿瘤
palliative care,姑息治疗,肿瘤
cytokine release syndrome,细胞因子释放综合征,肿瘤
glomerular filtration rate,肾小球滤过率,肾病
tubulointerstitial fibrosis,肾小管间质纤维化,肾病
proteinuria,蛋白尿,肾病
hematuria,血尿,肾病
nephrotic syndrome,肾病综合征,肾病
nephritic syndrome,肾炎综合征,肾病
renin angiotensin aldosterone system,肾素血管紧张素醛固酮系统,内分泌
glycemic control,血糖控制,内分泌
insulin resistance,胰岛素抵抗,内分泌
beta cell dysfunction,β细胞功能障碍,内分泌
glycemic variability,血糖变异性,内分泌
hypoglycemia unawareness,无症状性低血糖,内分泌
metabolic syndrome,代谢综合征,内分泌
thyroid storm,甲状腺危象,内分泌
diabetic neuropathy,糖尿病神经病变,内分泌
diabetic retinopathy,糖尿病视网膜病变,内分泌
diabetic nephropathy,糖尿病肾病,内分泌
bronchoalveolar lavage,支气管肺泡灌洗,呼吸
ventilation perfusion mismatch,通气灌注不匹配,呼吸
airway remodeling,气道重塑,呼吸
mucociliary clearance,黏液纤毛清除,呼吸
pulmonary hypertension,肺动脉高压,呼吸
diffuse alveolar damage,弥漫性肺泡损伤,呼吸
ground glass opacity,磨玻璃样阴影,影像
consolidation,实变,影像
cerebrospinal fluid,脑脊液,神经
blood brain barrier,血脑屏障,神经
synaptic plasticity,突触可塑性,神经
neuroinflammation,神经炎症,神经
neurodegeneration,神经退行性变,神经
demyelination,脱髓鞘,神经
excitotoxicity,兴奋性毒性,神经
coagulation cascade,凝血级联反应,血液
fibrinolysis,纤维蛋白溶解,血液
hematopoiesis,造血,血液
erythropoiesis,红细胞生成,血液
thrombocytopenia,血小板减少,血液
neutropenia,中性粒细胞减少,血液
leukocytosis,白细胞增多,血液
acid base balance,酸碱平衡,生理学
homeostasis,内稳态,生理学
pharmacokinetics,药代动力学,药理
pharmacodynamics,药效动力学,药理
bioavailability,生物利用度,药理
therapeutic index,治疗指数,药理
adverse drug reaction,药物不良反应,药理
drug drug interaction,药物相互作用,药理
cytochrome P450,细胞色素P450,药理
half life,半衰期,药理
steady state concentration,稳态血药浓度,药理
first pass effect,首过效应,药理
dose response relationship,量效关系,药理
placebo effect,安慰剂效应,临床研究
confounding factor,混杂因素,临床研究
selection bias,选择偏倚,临床研究
publication bias,发表偏倚,临床研究
statistical significance,统计学显著性,临床研究
power analysis,把握度分析,临床研究
sample size calculation,样本量计算,临床研究
primary endpoint,主要终点,临床研究
secondary endpoint,次要终点,临床研究
surrogate endpoint,替代终点,临床研究
number needed to treat,需要治疗的人数,临床研究
number needed to harm,需要伤害的人数,临床研究
absolute risk reduction,绝对风险降低,临床研究
relative risk reduction,相对风险降低,临床研究
sensitivity,灵敏度,临床研究
specificity,特异度,临床研究
positive predictive value,阳性预测值,临床研究
negative predictive value,阴性预测值,临床研究
likelihood ratio,似然比,临床研究
area under curve,曲线下面积,临床研究
receiver operating characteristic,受试者工作特征曲线,临床研究
informed consent,知情同意,医学伦理
institutional review board,机构审查委员会,医学伦理
declaration of Helsinki,赫尔辛基宣言,医学伦理
evidence based medicine,循证医学,临床研究
systematic review,系统综述,临床研究
case control study,病例对照研究,临床研究
cohort study,队列研究,临床研究
cross sectional study,横断面研究,临床研究
longitudinal study,纵向研究,临床研究
prospective study,前瞻性研究,临床研究
retrospective study,回顾性研究,临床研究
histopathology,组织病理学,病理
immunohistochemistry,免疫组织化学,病理
in situ hybridization,原位杂交,病理
polymerase chain reaction,聚合酶链反应,分子生物学
western blot,蛋白质印迹法,分子生物学
enzyme linked immunosorbent assay,酶联免疫吸附试验,分子生物学
flow cytometry,流式细胞术,分子生物学
next generation sequencing,下一代测序,分子生物学
genome wide association study,全基因组关联研究,遗传学
single nucleotide polymorphism,单核苷酸多态性,遗传学
copy number variation,拷贝数变异,遗传学
loss of heterozygosity,杂合性缺失,遗传学
DNA,脱氧核糖核酸,分子生物学
RNA,核糖核酸,分子生物学
PCR,聚合酶链反应,分子生物学
qPCR,实时荧光定量聚合酶链反应,分子生物学
RT-PCR,逆转录聚合酶链反应,分子生物学
Southern blot,DNA印迹法,分子生物学
Northern blot,RNA印迹法,分子生物学
ELISA,酶联免疫吸附测定,分子生物学
EMSA,电泳迁移率变动分析,分子生物学
ChIP,染色质免疫沉淀,分子生物学
RNAi,RNA干扰,分子生物学
siRNA,小干扰RNA,分子生物学
miRNA,微小RNA,分子生物学
lncRNA,长链非编码RNA,分子生物学
CRISPR,成簇规律间隔短回文重复序列,分子生物学
Cas9,CRISPR相关蛋白9,分子生物学
Plasmid,质粒,分子生物学
Vector,载体,分子生物学
Promoter,启动子,分子生物学
Enhancer,增强子,分子生物学
Exon,外显子,分子生物学
Intron,内含子,分子生物学
Splicing,剪接,分子生物学
Cell membrane,细胞膜,细胞生物学
Cytoplasm,细胞质,细胞生物学
Nucleus,细胞核,细胞生物学
Mitochondrion,线粒体,细胞生物学
Endoplasmic reticulum,内质网,细胞生物学
Golgi apparatus,高尔基体,细胞生物学
Lysosome,溶酶体,细胞生物学
Peroxisome,过氧化物酶体,细胞生物学
Cytoskeleton,细胞骨架,细胞生物学
Microtubule,微管,细胞生物学
Actin,肌动蛋白,细胞生物学
Myosin,肌球蛋白,细胞生物学
Cell cycle,细胞周期,细胞生物学
Mitosis,有丝分裂,细胞生物学
Meiosis,减数分裂,细胞生物学
Cell signaling,细胞信号转导,细胞生物学
Receptor,受体,细胞生物学
Ligand,配体,细胞生物学
Kinase,激酶,细胞生物学
Phosphatase,磷酸酶,细胞生物学
Transcription,转录,细胞生物学
Antigen,抗原,免疫学
Antibody,抗体,免疫学
Immunoglobulin,免疫球蛋白,免疫学
T cell,T细胞,免疫学
B cell,B细胞,免疫学
NK cell,自然杀伤细胞,免疫学
Macrophage,巨噬细胞,免疫学
Dendritic cell,树突状细胞,免疫学
Cytokine,细胞因子,免疫学
Chemokine,趋化因子,免疫学
Interleukin,白细胞介素,免疫学
Interferon,干扰素,免疫学
TNF,肿瘤坏死因子,免疫学
Complement,补体,免疫学
MHC,主要组织相容性复合体,免疫学
TCR,T细胞受体,免疫学
BCR,B细胞受体,免疫学
CD marker,分化簇标记,免疫学
Immune tolerance,免疫耐受,免疫学
Autoimmunity,自身免疫,免疫学
Hypersensitivity,超敏反应,免疫学
Bacterium,细菌,微生物学
Virus,病毒,微生物学
Fungus,真菌,微生物学
Parasite,寄生虫,微生物学
Gram stain,革兰染色,微生物学
Culture,培养,微生物学
Antibiotic,抗生素,微生物学
Antimicrobial,抗微生物药,微生物学
Pathogen,病原体,微生物学
Virulence,毒力,微生物学
Inoculation,接种,微生物学
Incubation,孵育,微生物学
Agar plate,琼脂平板,微生物学
Colony,菌落,微生物学
Sequencing,测序,微生物学
Strain,株,微生物学
Resistance,耐药性,微生物学
Susceptibility,敏感性,微生物学
Biofilm,生物被膜,微生物学
Endotoxin,内毒素,微生物学
Exotoxin,外毒素,微生物学
Bacteriophage,噬菌体,微生物学
Prion,朊病毒,微生物学
Viroid,类病毒,微生物学
Hypoxia,缺氧,病理生理学
Ischemia,缺血,病理生理学
Reperfusion,再灌注,病理生理学
Edema,水肿,病理生理学
Shock,休克,病理生理学
DIC,弥散性血管内凝血,病理生理学
Acidosis,酸中毒,病理生理学
Alkalosis,碱中毒,病理生理学
Electrolyte imbalance,电解质紊乱,病理生理学
Fever,发热,病理生理学
Pain,疼痛,病理生理学
Stress,应激,病理生理学
Adaptation,适应,病理生理学
Hypertrophy,肥大,病理生理学
Hyperplasia,增生,病理生理学
Atrophy,萎缩,病理生理学
Metaplasia,化生,病理生理学
Dysplasia,异型增生,病理生理学
Neoplasia,肿瘤形成,病理生理学
Metastasis,转移,病理生理学
Thrombosis,血栓形成,病理生理学
Embolism,栓塞,病理生理学
Infarction,梗死,病理生理学
Sepsis,脓毒症,病理生理学
Drug,药物,药理学
Agonist,激动剂,药理学
Antagonist,拮抗剂,药理学
Affinity,亲和力,药理学
Efficacy,效能,药理学
Potency,效价,药理学
LD50,半数致死量,药理学
ED50,半数有效量,药理学
Half-life,半衰期,药理学
Clearance,清除率,药理学
Volume of distribution,表观分布容积,药理学
Metabolism,代谢,药理学
Side effect,副作用,药理学
Toxicity,毒性,药理学
Tolerance,耐受性,药理学
Dependence,依赖性,药理学
Addiction,成瘾,药理学
Placebo,安慰剂,药理学
Dose-response curve,剂量-反应曲线,药理学
Skeleton,骨骼,解剖学
Skull,颅骨,解剖学
Vertebra,椎骨,解剖学
Rib,肋骨,解剖学
Sternum,胸骨,解剖学
Clavicle,锁骨,解剖学
Scapula,肩胛骨,解剖学
Humerus,肱骨,解剖学
Radius,桡骨,解剖学
Ulna,尺骨,解剖学
Pelvis,骨盆,解剖学
Femur,股骨,解剖学
Tibia,胫骨,解剖学
Fibula,腓骨,解剖学
Joint,关节,解剖学
Muscle,肌肉,解剖学
Nerve,神经,解剖学
Artery,动脉,解剖学
Vein,静脉,解剖学
Heart,心脏,解剖学
Lung,肺,解剖学
Liver,肝脏,解剖学
Kidney,肾脏,解剖学
Brain,脑,解剖学
Spinal cord,脊髓,解剖学
Tissue,组织,组织胚胎学
Epithelium,上皮组织,组织胚胎学
Connective tissue,结缔组织,组织胚胎学
Muscle tissue,肌组织,组织胚胎学
Nervous tissue,神经组织,组织胚胎学
Cartilage,软骨,组织胚胎学
Bone,骨组织,组织胚胎学
Blood,血液,组织胚胎学
Lymph,淋巴,组织胚胎学
Germ layer,胚层,组织胚胎学
Ectoderm,外胚层,组织胚胎学
Mesoderm,中胚层,组织胚胎学
Endoderm,内胚层,组织胚胎学
Embryo,胚胎,组织胚胎学
Fetus,胎儿,组织胚胎学
Placenta,胎盘,组织胚胎学
Amnion,羊膜,组织胚胎学
Chorion,绒毛膜,组织胚胎学
Allantois,尿囊,组织胚胎学
Yolk sac,卵黄囊,组织胚胎学
Gastrulation,原肠形成,组织胚胎学
Neurulation,神经胚形成,组织胚胎学
Organogenesis,器官发生,组织胚胎学
Histogenesis,组织发生,组织胚胎学
Cytodifferentiation,细胞分化,组织胚胎学
英文术语,中文译名,学科
ablation,消融术,手术
abscess,脓肿,病理
absorption,吸收,生理
acinus,腺泡,组织学
action potential,动作电位,生理
acute,急性的,临床
adenoma,腺瘤,病理
adhesion,粘连,病理
adjuvant,辅助的,肿瘤
adrenal,肾上腺的,解剖
adverse effect,不良反应,药理
aetiology,病因学,基础医学
afferent,传入的,生理
agglutination,凝集反应,免疫
allograft,同种异体移植物,移植
alveolus,肺泡,组织学
amino acid,氨基酸,生化
amyloid,淀粉样蛋白,病理
anaerobic,厌氧的,微生物
anaesthesia,麻醉,麻醉
analgesia,镇痛,疼痛
anaphylaxis,过敏反应,免疫
anastomosis,吻合术,手术
aneurysm,动脉瘤,病理
anomaly,异常,病理
antioxidant,抗氧化剂,生化
aorta,主动脉,解剖
aphasia,失语症,神经
arrhythmia,心律失常,心血管
arthroplasty,关节成形术,骨科
ascites,腹水,消化
ataxia,共济失调,神经
autoimmune,自身免疫的,免疫
bacteremia,菌血症,感染
benign,良性的,肿瘤
biomarker,生物标志物,检验
biopsy,活检,病理
biosynthesis,生物合成,生化
blastocyst,囊胚,生殖
bolus,团注,临床
bronchospasm,支气管痉挛,呼吸
cachexia,恶病质,肿瘤
calcification,钙化,病理
carcinogen,致癌物,肿瘤
carcinoma,癌,肿瘤
cardiomyopathy,心肌病,心血管
cascade,级联反应,生化
catheter,导管,护理
causalgia,灼痛,神经
cellular,细胞的,细胞生物学
chemotaxis,趋化性,免疫
chromosome,染色体,遗传
chronic,慢性的,临床
cilia,纤毛,组织学
circadian,昼夜节律的,生理
cirrhosis,肝硬化,消化
clone,克隆,分子生物学
coagulation,凝固,血液
cognitive,认知的,神经
collagen,胶原蛋白,生化
comorbidity,共病,临床
compliance,依从性,临床
conduction,传导,生理
congenital,先天性的,儿科
contraindication,禁忌症,临床
convalescence,恢复期,临床
coronary,冠状动脉的,解剖
cortex,皮质,解剖
cryotherapy,冷冻疗法,治疗
cytology,细胞学,病理
cytotoxicity,细胞毒性,免疫
debridement,清创术,外科
decompensation,失代偿,病理生理
degeneration,变性,病理
dementia,痴呆,神经
dendritic,树突状的,组织学
denervation,去神经,神经
deoxyribonucleic acid,脱氧核糖核酸,分子生物学
depolarization,去极化,生理
dermatitis,皮炎,皮肤
detoxification,解毒,生化
diagnosis,诊断,临床
dialysis,透析,肾病
diaphoresis,发汗,症状
diastole,舒张期,心血管
differentiation,分化,细胞生物学
diffusion,弥散,生理
dilatation,扩张,病理
disease,疾病,临床
disorder,障碍,临床
dissection,剥离,病理
disseminated,播散性的,病理
distal,远端的,解剖
diuresis,利尿,生理
diverticulum,憩室,消化
dosage,剂量,药理
duct,导管,解剖
dysfunction,功能障碍,病理生理
dyspnea,呼吸困难,症状
dystrophy,营养不良,病理
efferent,传出的,生理
effusion,渗出液,病理
electrolyte,电解质,生化
emission,发射,影像
endemic,地方性的,公卫
endocytosis,胞吞作用,细胞生物学
endogenous,内源性的,生理
endoscopy,内镜检查,临床
endothelium,内皮,组织学
enteric,肠的,解剖
enzyme,酶,生化
eosinophil,嗜酸性粒细胞,血液
epidemiology,流行病学,公卫
erosion,糜烂,病理
erythema,红斑,皮肤
erythrocyte,红细胞,血液
etiology,病因学,临床
exacerbation,加重,临床
excision,切除术,外科
excretion,排泄,生理
exogenous,外源性的,生理
expression,表达,分子生物学
extracellular,细胞外的,细胞生物学
extravasation,外渗,病理
exudate,渗出物,病理
fascia,筋膜,解剖
fasting,禁食的,临床
fatigue,疲劳,症状
ferritin,铁蛋白,检验
fibrillation,纤维性颤动,心血管
fibrin,纤维蛋白,血液
fibroblast,成纤维细胞,组织学
fistula,瘘管,病理
flora,菌群,微生物
fluorescence,荧光,检验
follicle,滤泡,组织学
fracture,骨折,骨科
ganglion,神经节,解剖
gangrene,坏疽,病理
gastrin,胃泌素,消化
gastrointestinal,胃肠道的,消化
gene,基因,遗传
genome,基因组,遗传
genotype,基因型,遗传
gestation,妊娠,妇产科
gland,腺体,解剖
glomerulus,肾小球,组织学
glucagon,胰高血糖素,内分泌
glucocorticoid,糖皮质激素,内分泌
gluconeogenesis,糖异生,生化
glycogen,糖原,生化
glycolysis,糖酵解,生化
glycosylation,糖基化,生化
gonad,性腺,解剖
gravid,妊娠的,妇产科
haematemesis,呕血,消化
haematology,血液学,血液
haematoma,血肿,病理
haematuria,血尿,泌尿
haemoglobin,血红蛋白,血液
haemolysis,溶血,血液
haemorrhage,出血,病理
haemostasis,止血,血液
healing,愈合,临床
hemodynamics,血流动力学,生理
hepatic,肝的,解剖
hepatocyte,肝细胞,组织学
hereditary,遗传性的,遗传
hernia,疝,外科
heterogeneity,异质性,病理
histamine,组胺,免疫
histology,组织学,基础医学
hormone,激素,内分泌
hydrolysis,水解,生化
hyperglycemia,高血糖,内分泌
hypertension,高血压,心血管
hypoglycemia,低血糖,内分泌
hypoplasia,发育不全,病理
hypotension,低血压,心血管
hypothalamus,下丘脑,神经
hypotonia,肌张力减低,神经
iatrogenic,医源性的,临床
idiopathic,特发性的,临床
ileum,回肠,解剖
immune response,免疫应答,免疫
immunocompromised,免疫功能受损的,免疫
immunodeficiency,免疫缺陷,免疫
immunosuppression,免疫抑制,免疫
implant,植入物,外科
incidence,发病率,公卫
incision,切口,外科
incontinence,失禁,泌尿
infection,感染,感染
infestation,侵染,感染
ingestion,摄入,临床
inhalation,吸入,临床
inheritance,遗传,遗传
inhibitor,抑制剂,药理
innate,先天的,免疫
innervation,神经支配,神经
insulin,胰岛素,内分泌
integrin,整合素,细胞生物学
interstitial,间质的,组织学
intracellular,细胞内的,细胞生物学
intravenous,静脉内的,临床
intrinsic,内源性的,生理
invasiveness,侵袭性,肿瘤
jaundice,黄疸,症状
juxtaglomerular,近球旁的,组织学
karyotype,核型,遗传
keratin,角蛋白,生化
laceration,撕裂伤,外科
lactation,泌乳,妇产科
laparotomy,剖腹术,外科
larynx,喉,解剖
latency,潜伏期,感染
lesion,病变,病理
leukocyte,白细胞,血液
leukotriene,白三烯,免疫
ligament,韧带,解剖
ligation,结扎,外科
lipoprotein,脂蛋白,生化
lumen,管腔,解剖
lymphocyte,淋巴细胞,血液
lysis,溶解,生化
malabsorption,吸收不良,消化
malformation,畸形,病理
malignancy,恶性肿瘤,肿瘤
mammography,乳腺X线摄影,影像
manometry,测压法,消化
marrow,骨髓,血液
mast cell,肥大细胞,血液
maternal,母体的,妇产科
mediastinum,纵隔,解剖
medulla,髓质,解剖
membrane,膜,细胞生物学
meninges,脑膜,解剖
menstruation,月经,妇产科
mesenchyme,间充质,组织学
metabolite,代谢物,生化
microbiology,微生物学,微生物
microcirculation,微循环,生理
microglia,小胶质细胞,神经
microorganism,微生物,微生物
microscope,显微镜,设备
morbidity,发病率,公卫
morphology,形态学,基础医学
mortality,死亡率,公卫
motility,运动功能,生理
mucosa,黏膜,组织学
mutagen,诱变剂,遗传
mutation,突变,遗传
myelin,髓鞘,神经
myocardium,心肌,解剖
myocyte,肌细胞,组织学
myopathy,肌病,神经
naevus,痣,皮肤
natriuretic,利尿钠的,心血管
nausea,恶心,症状
neonatal,新生儿的,儿科
neoplasm,新生物,肿瘤
nephron,肾单位,解剖
neuralgia,神经痛,神经
neuritis,神经炎,神经
neurogenesis,神经发生,神经
neuron,神经元,神经
neuropathy,神经病,神经
neurotransmitter,神经递质,神经
neutrophil,中性粒细胞,血液
nociceptor,伤害感受器,神经
node,淋巴结,解剖
nodule,结节,病理
nucleolus,核仁,细胞生物学
nutrient,营养素,营养
obesity,肥胖,公卫
obstruction,梗阻,病理
occlusion,闭塞,病理
ocular,眼的,眼科
oedema,水肿,病理
olfactory,嗅觉的,神经
oocyte,卵母细胞,生殖
operation,手术,外科
organelle,细胞器,细胞生物学
organism,生物体,微生物
osmosis,渗透,生理
ossification,骨化,骨科
osteoblast,成骨细胞,骨科
osteoclast,破骨细胞,骨科
osteoporosis,骨质疏松,骨科
ovarian,卵巢的,妇产科
ovulation,排卵,生殖
oxidation,氧化,生化
oxygenation,氧合,生理
pacemaker,起搏器,心血管
pancreas,胰腺,消化
paralysis,瘫痪,神经
parenchyma,实质,组织学
paresis,轻瘫,神经
pathogenesis,发病机制,基础医学
pathology,病理学,基础医学
pathophysiology,病理生理学,基础医学
pathway,通路,生化
peptide,肽,生化
perforation,穿孔,病理
perfusion,灌注,生理
perioperative,围手术期的,麻醉
peristalsis,蠕动,生理
peritoneum,腹膜,解剖
permeability,通透性,生理
phagocytosis,吞噬作用,免疫
pharynx,咽,解剖
phenotype,表型,遗传
physiology,生理学,基础医学
pinocytosis,吞饮作用,细胞生物学
plaque,斑块,病理
plasma,血浆,血液
platelet,血小板,血液
pleura,胸膜,解剖
pneumonia,肺炎,呼吸
pneumothorax,气胸,呼吸
polymorphism,多态性,遗传
polypeptide,多肽,生化
polyposis,息肉病,消化
postoperative,术后,外科
potassium,钾,生化
precursor,前体,生化
pregnancy,妊娠,妇产科
prenatal,产前的,妇产科
prevalence,患病率,公卫
prognosis,预后,临床
proliferation,增殖,细胞生物学
prophylaxis,预防,临床
proprioception,本体感觉,神经
prostaglandin,前列腺素,生化
prostate,前列腺,泌尿
protease,蛋白酶,生化
protocol,方案,临床研究
proximal,近端的,解剖
pruritus,瘙痒,症状
psychosis,精神病,精神
pulmonary,肺的,呼吸
pulse,脉搏,生理
puncture,穿刺,临床
purpura,紫癜,血液
pus,脓液,病理
pyrexia,发热,症状
radiotherapy,放射治疗,肿瘤
recombination,重组,遗传
recurrence,复发,临床
reflex,反射,生理
regeneration,再生,细胞生物学
regimen,方案,药理
regurgitation,反流,消化
rejection,排斥,移植
remission,缓解,肿瘤
renal,肾的,肾病
repair,修复,外科
replication,复制,分子生物学
resection,切除,外科
resorption,吸收,生理
respiration,呼吸,生理
resuscitation,复苏,急诊
retardation,发育迟缓,儿科
reticulocyte,网织红细胞,血液
retina,视网膜,眼科
retinoblastoma,视网膜母细胞瘤,肿瘤
reuptake,再摄取,神经
rheumatoid,类风湿的,风湿免疫
rhinorrhoea,鼻漏,耳鼻喉
ribosome,核糖体,细胞生物学
rupture,破裂,病理
sarcoma,肉瘤,肿瘤
sebum,皮脂,皮肤
secretion,分泌,生理
sedation,镇静,麻醉
seizure,癫痫发作,神经
senescence,衰老,细胞生物学
sequela,后遗症,临床
serotonin,5-羟色胺,神经
serum,血清,血液
skeletal,骨骼的,骨科
sodium,钠,生化
somatic,躯体的,生理
spasm,痉挛,症状
specimen,标本,检验
spermatozoon,精子,生殖
sphincter,括约肌,解剖
spindle,纺锤体,细胞生物学
spleen,脾脏,免疫
splenomegaly,脾大,血液
sputum,痰,呼吸
stenosis,狭窄,病理
stent,支架,心血管
steroid,类固醇,药理
stimulus,刺激,生理
stomach,胃,消化
stomatitis,口腔炎,消化
stroke,卒中,神经
stroma,间质,组织学
subclinical,亚临床的,临床
subcutaneous,皮下的,临床
subluxation,半脱位,骨科
substrate,底物,生化
suction,吸引,手术
suppression,抑制,生理
surgery,外科,外科
suture,缝合,外科
synapse,突触,神经
syndrome,综合征,临床
synovium,滑膜,解剖
synthesis,合成,生化
systemic,全身性的,临床
systole,收缩期,心血管
tachycardia,心动过速,心血管
tendon,肌腱,解剖
teratogenic,致畸的,妇产科
termination,终止,临床
testosterone,睾酮,内分泌
tetanus,破伤风,感染
therapy,治疗,临床
thrombocyte,血小板,血液
thymus,胸腺,免疫
thyroid,甲状腺,内分泌
tolerability,耐受性,药理
tomography,断层扫描,影像
tonsil,扁桃体,免疫
topical,局部的,临床
toxin,毒素,微生物
trachea,气管,解剖
tract,道,解剖
transducer,换能器,设备
transfection,转染,分子生物学
transferrin,转铁蛋白,检验
transformation,转化,肿瘤
transfusion,输血,血液
translation,翻译,分子生物学
translocation,易位,遗传
transplantation,移植,移植
trauma,创伤,急诊
tremor,震颤,神经
triage,分诊,急诊
troponin,肌钙蛋白,检验
trunk,躯干,解剖
tubule,小管,解剖
tumor,肿瘤,肿瘤
turgor,充盈度,体检
ulcer,溃疡,病理
ultrasound,超声,影像
umbilicus,脐,解剖
urea,尿素,生化
ureter,输尿管,泌尿
urethra,尿道,泌尿
urine,尿液,泌尿
uterus,子宫,妇产科
vaccination,疫苗接种,免疫
vagina,阴道,妇产科
valve,瓣膜,心血管
variant,变异体,遗传
vasculature,脉管系统,解剖
vasculitis,血管炎,风湿免疫
vasoconstriction,血管收缩,生理
vasodilation,血管舒张,生理
ventilation,通气,呼吸
ventricle,心室,心血管
venule,微静脉,解剖
vessel,血管,解剖
viability,存活能力,细胞生物学
visceral,内脏的,解剖
vitamin,维生素,营养
vomiting,呕吐,症状
vulnerability,易损性,临床
wheezing,喘息,呼吸
wound,伤口,外科
xenograft,异种移植物,移植
zygote,受精卵,生殖
﻿英文术语,中文译名,学科
nephrolithiasis,肾结石,泌尿外科
urolithiasis,尿石症,泌尿外科
hydronephrosis,肾积水,泌尿外科
pyelonephritis,肾盂肾炎,泌尿外科
cystitis,膀胱炎,泌尿外科
prostatitis,前列腺炎,泌尿外科
epididymitis,附睾炎,泌尿外科
orchitis,睾丸炎,泌尿外科
balanitis,龟头炎,泌尿外科
phimosis,包茎,泌尿外科
paraphimosis,嵌顿包茎,泌尿外科
varicocele,精索静脉曲张,泌尿外科
hydrocele,鞘膜积液,泌尿外科
spermatocele,精液囊肿,泌尿外科
azoospermia,无精子症,泌尿外科
oligospermia,少精子症,泌尿外科
pyuria,脓尿,泌尿外科
nocturia,夜尿症,泌尿外科
dysuria,排尿困难,泌尿外科
anuria,无尿,泌尿外科
oliguria,少尿,泌尿外科
polyuria,多尿,泌尿外科
enuresis,遗尿症,泌尿外科
ureterocele,输尿管囊肿,泌尿外科
ureterolithiasis,输尿管结石,泌尿外科
cystolithiasis,膀胱结石,泌尿外科
nephrostomy,肾造瘘术,泌尿外科
ureterostomy,输尿管造口术,泌尿外科
urothelial carcinoma,尿路上皮癌,泌尿外科
seminoma,精原细胞瘤,泌尿外科
teratoma,畸胎瘤,泌尿外科
angiomyolipoma,血管平滑肌脂肪瘤,泌尿外科
oncocytoma,嗜酸细胞瘤,泌尿外科
pheochromocytoma,嗜铬细胞瘤,泌尿外科
retroperitoneal fibrosis,腹膜后纤维化,泌尿外科
priapism,阴茎异常勃起,泌尿外科
testicular torsion,睾丸扭转,泌尿外科
Fournier gangrene,Fournier坏疽,泌尿外科
antenatal hydronephrosis,产前肾积水,小儿泌尿外科
congenital hydronephrosis,先天性肾积水,小儿泌尿外科
ureteropelvic junction obstruction,肾盂输尿管连接部梗阻,小儿泌尿外科
megaureter,巨输尿管,小儿泌尿外科
ectopic ureter,异位输尿管,小儿泌尿外科
duplex kidney,重复肾,小儿泌尿外科
renal agenesis,肾缺如,小儿泌尿外科
renal ectopia,肾异位,小儿泌尿外科
horseshoe kidney,马蹄肾,小儿泌尿外科
crossed fused ectopia,交叉融合性肾异位,小儿泌尿外科
prune belly syndrome,Prune-Belly综合征,小儿泌尿外科
cloacal exstrophy,泄殖腔外翻,小儿泌尿外科
ambiguous genitalia,两性畸形,小儿泌尿外科
micropenis,小阴茎,小儿泌尿外科
cryptorchidism,隐睾,小儿泌尿外科
retractile testis,回缩性睾丸,小儿泌尿外科
anorchia,无睾症,小儿泌尿外科
dysfunctional voiding,排尿功能障碍,小儿泌尿外科
Hinman syndrome,Hinman综合征,小儿泌尿外科
lazy bladder syndrome,惰性膀胱综合征,小儿泌尿外科
neuropathic bladder pediatric,儿童神经性膀胱,小儿泌尿外科
Mitrofanoff procedure,Mitrofanoff手术,小儿泌尿外科
bladder augmentation,膀胱扩大术,小儿泌尿外科
enterocystoplasty,肠膀胱成形术,小儿泌尿外科
ureteral reimplantation,输尿管再植术,小儿泌尿外科
orchiopexy,睾丸固定术,小儿泌尿外科
Fowler-Stephens orchiopexy,Fowler-Stephens睾丸固定术,小儿泌尿外科
descriptive statistics,描述性统计,医学统计学
inferential statistics,推断性统计,医学统计学
parametric test,参数检验,医学统计学
nonparametric test,非参数检验,医学统计学
chi-square test,卡方检验,医学统计学
Fisher exact test,Fisher精确检验,医学统计学
Mann-Whitney U test,Mann-Whitney U检验,医学统计学
Wilcoxon signed-rank test,Wilcoxon符号秩检验,医学统计学
Kruskal-Wallis test,Kruskal-Wallis检验,医学统计学
McNemar test,McNemar检验,医学统计学
log-rank test,log-rank检验,医学统计学
Pearson correlation,Pearson相关,医学统计学
Spearman correlation,Spearman相关,医学统计学
linear regression,线性回归,医学统计学
logistic regression,logistic回归,医学统计学
Poisson regression,Poisson回归,医学统计学
survival analysis,生存分析,医学统计学
competing risks analysis,竞争风险分析,医学统计学
mixed effects model,混合效应模型,医学统计学
random effects model,随机效应模型,医学统计学
fixed effects model,固定效应模型,医学统计学
mediation analysis,中介分析,医学统计学
moderation analysis,调节效应分析,医学统计学
path analysis,路径分析,医学统计学
latent class analysis,潜类别分析,医学统计学
growth mixture modeling,增长混合模型,医学统计学
item response theory,项目反应理论,医学统计学
Rasch model,Rasch模型,医学统计学
Youden index,Youden指数,医学统计学
decision curve analysis,决策曲线分析,医学统计学
calibration plot,校准图,医学统计学
Brier score,Brier评分,医学统计学
bootstrap method,Bootstrap法,医学统计学
permutation test,置换检验,医学统计学
cross-validation,交叉验证,医学统计学
internal validation,内部验证,医学统计学
external validation,外部验证,医学统计学
effect size,效应量,医学统计学
Cohen d,Cohen d值（效应量）,医学统计学
meta-analysis,Meta分析,医学统计学
meta-regression,Meta回归,医学统计学
forest plot,森林图,医学统计学
Bayesian analysis,贝叶斯分析,医学统计学
frequentist analysis,频率学派分析,医学统计学
Markov model,Markov模型,医学统计学
cost-effectiveness analysis,成本效果分析,医学统计学
